osmid,latitude,longitude,street_count,type
416694987,42.9512063,-79.856181,4,
416695612,42.9537844,-79.857347,4,
416696374,42.9589493,-79.8600526,3,
416697040,42.9576396,-79.8591565,3,
416698555,42.952907,-79.8569587,4,
416699005,42.95567,-79.858177,4,
416699079,42.9471699,-79.8686486,4,
416701237,42.9501915,-79.872798,3,
416701631,42.9355573,-79.8367023,1,
416701980,42.935141,-79.8552529,1,
416702244,42.9520565,-79.8565576,4,
705613710,42.9542708,-79.8643493,1,
811747669,42.9541484,-79.8559304,4,
811747885,42.9568942,-79.8540528,3,
811748222,42.9555361,-79.8542251,1,
811748224,42.9462692,-79.8604646,3,
811749702,42.9486304,-79.8588398,3,
811750159,42.9582543,-79.8549435,1,
811750529,42.9441595,-79.8452561,1,
811751549,42.9482428,-79.8642405,3,
811751861,42.9529922,-79.8528748,1,
811751988,42.9505194,-79.8592557,3,
811752200,42.9534502,-79.8509538,3,
811752903,42.9438083,-79.8512067,3,
811753097,42.9482368,-79.8563954,4,
811753650,42.9521665,-79.8581912,3,
811753766,42.9532497,-79.8595957,1,
811754035,42.9524297,-79.8551531,4,
811754260,42.9442932,-79.8467928,3,
811754697,42.9491323,-79.8567956,4,
811754844,42.9458646,-79.8506169,4,
811755192,42.9534492,-79.8587501,4,
811755655,42.9517223,-79.8501903,4,
811755781,42.9508423,-79.8576098,4,
811755817,42.9515523,-79.8547649,4,
811756161,42.9492079,-79.8584135,3,
811756186,42.9441368,-79.84984,4,
811756661,42.9503911,-79.8573791,3,
811757177,42.9480862,-79.8602595,4,
811757792,42.9478724,-79.8577873,4,
811759107,42.948956,-79.8535749,3,
811759777,42.9457561,-79.8586722,4,
811759820,42.9453735,-79.8600399,3,
811760949,42.9496061,-79.8586616,4,traffic_signals
811761176,42.9468459,-79.8541902,4,
811761464,42.9461717,-79.8570097,4,
811761633,42.9492351,-79.8587539,3,
811761718,42.944203,-79.8564456,3,
811762195,42.942278,-79.8512597,1,
811762852,42.9506711,-79.8543697,4,
811764267,42.9498105,-79.8539803,3,
811764739,42.949877,-79.8539287,1,
811765499,42.9510301,-79.8529725,4,
811765587,42.9553901,-79.8594382,1,
811765611,42.9452729,-79.8580805,3,
811765983,42.9564678,-79.8582413,1,
811765995,42.943785,-79.8488783,3,
811766415,42.9515609,-79.8582888,4,
811766857,42.9440182,-79.8478933,3,
811766886,42.9492898,-79.8599096,4,
811767102,42.946598,-79.8591225,4,
811767501,42.9505403,-79.8595042,4,
811768306,42.9505626,-79.8597345,3,
811768469,42.9477688,-79.8546266,3,
811771233,42.9486101,-79.8550033,4,
811771310,42.9522971,-79.8594492,1,
811771620,42.9493021,-79.852171,3,
811772004,42.9434423,-79.8526453,4,stop
811772564,42.9562785,-79.8475139,3,
811772584,42.9494784,-79.8553917,4,
811772809,42.9430893,-79.8540392,3,
811773157,42.9413236,-79.866623,3,
811773325,42.9562184,-79.8667996,1,
811774748,42.942941,-79.85452,3,
811774790,42.9516763,-79.8579747,4,
811775022,42.9504976,-79.8636842,3,
811775136,42.9525603,-79.8583652,4,
811775453,42.9470493,-79.8574225,4,
811775465,42.9577428,-79.8258388,1,
811775959,42.9443246,-79.8592819,3,
811776126,42.9443179,-79.8490573,3,
811776623,42.9485603,-79.8527364,3,
811776910,42.955587,-79.8503133,3,
811777026,42.9440513,-79.8458212,3,
811777171,42.9465,-79.8556185,4,
811777251,42.9567093,-79.857111,3,
811777463,42.944435,-79.8562329,3,
811778192,42.9532801,-79.8555419,3,
811778239,42.9550265,-79.8588047,1,
811778283,42.9499682,-79.8571824,4,
811778543,42.954466,-79.8514182,1,
811778568,42.9548591,-79.8531588,3,
811778739,42.9479561,-79.8589503,4,
811778959,42.9501525,-79.8525598,4,
811779065,42.9422979,-79.8631732,3,
811779502,42.9475711,-79.8514115,3,
811779772,42.9527793,-79.8459563,4,
811780346,42.9504449,-79.8585175,4,stop
811780528,42.9409626,-79.8529878,1,
811780734,42.9432594,-79.8571569,1,
811781696,42.9474137,-79.8560306,4,
811782318,42.9556461,-79.853512,3,
811782424,42.9481146,-79.8605212,1,
811782748,42.9582197,-79.8470522,3,
811783621,42.950494,-79.8512432,1,turning_circle
811783975,42.9585079,-79.8614526,1,
811784371,42.9453303,-79.8566086,3,
811784445,42.9503378,-79.8557803,4,traffic_signals
811784572,42.9487769,-79.8581874,4,
2516245713,42.9429383,-79.8485319,1,turning_circle
2516245714,42.9449533,-79.8480912,1,turning_circle
2516245715,42.9451756,-79.8472015,3,
2516245716,42.9453295,-79.8503763,3,
2516245717,42.9453562,-79.8464785,3,
2516245718,42.9455079,-79.845848,1,
2516245719,42.9455221,-79.8496016,3,
2991282940,42.9500415,-79.8572249,4,crossing
2991290951,42.9509462,-79.852933,4,crossing
3912827458,42.9502495,-79.8557405,4,crossing
3912827459,42.9503058,-79.8558968,4,crossing
3912827460,42.9503647,-79.8556712,4,crossing
3912827461,42.9504039,-79.8558107,4,crossing
3912831202,42.9576661,-79.8590639,3,stop
3951688536,42.9525839,-79.8582693,3,stop
4087046832,42.9509002,-79.8498934,1,
4087046836,42.9511308,-79.8494744,3,
4087046837,42.9511738,-79.8492961,1,
4087046842,42.9514171,-79.8500528,3,
4087046843,42.9515149,-79.8496474,3,
4087046847,42.9516039,-79.8495172,2,
4087046855,42.9535523,-79.8583186,3,
4087046856,42.9536791,-79.8583773,3,
4087046859,42.9537193,-79.858848,1,
4087046866,42.9540811,-79.8574776,3,
4087046875,42.9543597,-79.8576002,3,
4087050625,42.9472176,-79.8574971,3,
4087050628,42.9473203,-79.8570804,1,
5931658524,42.9569724,-79.8561271,1,
6463579910,42.9496735,-79.8587699,4,
6463579914,42.9504573,-79.8586212,4,crossing
6463579934,42.9549601,-79.8588076,3,
6463579935,42.9515471,-79.8584175,4,crossing
6463579936,42.9525363,-79.8584678,4,crossing
6463579937,42.9534224,-79.8588637,4,crossing
6463579940,42.9551748,-79.858644,3,
6463579944,42.9553741,-79.8587828,3,
6463579945,42.9553322,-79.8589555,1,
6463579950,42.9532462,-79.8586866,3,
6463579951,42.9532155,-79.8588274,1,
6463579952,42.9532268,-79.8587757,4,
6463579953,42.9505454,-79.8586008,3,
6463579966,42.9508761,-79.8582151,3,
6463579969,42.9497381,-79.8585131,3,
6463579970,42.9497042,-79.8586476,4,crossing
6463579971,42.9497313,-79.8585008,3,
6463579973,42.949636,-79.8585433,4,crossing
6463579974,42.9495519,-79.8585677,4,
6463579975,42.9494883,-79.8588185,3,
6463579976,42.9495239,-79.858678,4,crossing
6463579977,42.9495683,-79.8588006,4,crossing
6463579984,42.9482093,-79.859015,1,
6463584685,42.9485835,-79.8587487,1,
6463584691,42.9457706,-79.8586107,3,
6463584692,42.9479479,-79.8588582,4,crossing
6463584693,42.946625,-79.8590207,4,crossing
6463584694,42.9465642,-79.859106,3,
6463584695,42.9465789,-79.8590046,4,
6463584697,42.9469699,-79.8574559,3,
6463584698,42.9462215,-79.8571205,1,
6463584700,42.9478747,-79.8578543,3,
6463584701,42.9470322,-79.8574869,4,crossing
6463584702,42.947897,-79.8576934,4,
6463584707,42.9487971,-79.8581083,4,crossing
6463584711,42.9499287,-79.8570496,3,
6463584712,42.949899,-79.8571531,4,crossing
6463584716,42.9491547,-79.8567047,4,crossing
6463584717,42.948266,-79.8562867,3,
6463584718,42.9484923,-79.8566148,1,
6463584721,42.9473928,-79.8561104,3,
6463584722,42.9482141,-79.8564823,4,crossing
6463584723,42.9481567,-79.8564555,3,
6463584728,42.9502157,-79.855836,1,
6463584729,42.9503731,-79.8559209,3,
6463584730,42.9502225,-79.8558669,3,
6463584731,42.9502215,-79.8558575,3,
6463584732,42.9502707,-79.855652,3,
6463584733,42.9502824,-79.8556352,3,
6463584734,42.950454,-79.8557104,3,
6463584735,42.9504343,-79.8557017,3,
6463584743,42.950032,-79.8573091,3,
6463584744,42.9502637,-79.8574207,3,
6463584745,42.9502568,-79.8573194,3,
6463584746,42.9500718,-79.857124,3,
6463584749,42.9517045,-79.8578696,4,crossing
6463584750,42.9508755,-79.8574796,4,crossing
6463584751,42.9525158,-79.8582385,3,
6463584752,42.9528099,-79.8570467,1,
6463584753,42.9517935,-79.8579116,3,
6463584754,42.9521329,-79.8565936,3,
6463584755,42.9516589,-79.857848,3,
6463584757,42.951977,-79.8565224,3,
6463584758,42.9509473,-79.8575114,3,
6463584760,42.9512586,-79.8562042,3,
6463584761,42.9508189,-79.8574546,3,
6463584763,42.9511246,-79.8561433,3,
6463584764,42.9512777,-79.856089,1,
6463584766,42.9512332,-79.8560709,4,crossing
6463584777,42.9507763,-79.8542867,3,
6463584778,42.9507488,-79.8544054,4,crossing
6463601997,42.9494984,-79.8553079,4,crossing
6463602000,42.9486352,-79.8548997,4,crossing
6463602004,42.9468687,-79.8540979,4,crossing
6463602008,42.9435418,-79.8525724,3,
6463602013,42.9442032,-79.8498699,4,crossing
6463602019,42.9453539,-79.8502783,4,crossing
6463602020,42.9452909,-79.8502502,3,
6463602022,42.9455881,-79.8490798,1,
6463602023,42.9454592,-79.8495732,4,crossing
6463602024,42.9454794,-79.8494919,3,
6463602031,42.9444158,-79.846045,3,
6463602032,42.9438058,-79.8487905,4,crossing
6463602033,42.9439637,-79.847868,4,crossing
6463602042,42.9484562,-79.8532806,4,
6463602043,42.9489714,-79.8535124,4,crossing
6463602044,42.949829,-79.8539095,4,crossing
6463602054,42.9483424,-79.8523017,1,
6463602055,42.9499095,-79.8525909,1,
6463602060,42.950106,-79.8526804,4,crossing
6463602062,42.9506071,-79.8543416,4,crossing
6463602063,42.9509057,-79.853065,3,
6463602065,42.9512336,-79.8518443,1,
7158840218,42.9510413,-79.8544823,4,
7158840219,42.9458869,-79.8505273,3,
7158840220,42.9510995,-79.8530059,3,crossing
7158840221,42.951566,-79.8547065,3,
7158861221,42.9449253,-79.8533105,3,
7158861222,42.9449442,-79.853213,4,
7158861231,42.9445862,-79.8530491,4,
7158861232,42.9445641,-79.8531451,3,
7158861233,42.9438174,-79.852803,3,
7158861234,42.9438401,-79.8527087,4,crossing
7158861240,42.9436158,-79.8519827,3,
7158861255,42.9499499,-79.8534232,3,
7158861258,42.9500147,-79.8531626,3,
7158861274,42.9504252,-79.8536392,1,
7158861311,42.9501375,-79.8577067,1,
7158861313,42.9499492,-79.8584998,4,
7158861314,42.9499377,-79.8586065,3,
7158861315,42.9513177,-79.8531109,3,
7158861316,42.9514038,-79.8527741,1,
7158861319,42.9516409,-79.8532665,3,
7158861320,42.9515938,-79.8534585,3,
7158861324,42.9510764,-79.8543244,3,
7158861325,42.9509554,-79.8535837,4,
7158861326,42.9508875,-79.8535507,4,
7158861327,42.951041,-79.8536252,3,
7158861328,42.9512846,-79.853357,4,
7158861331,42.9510865,-79.8542791,3,
7158861332,42.9513449,-79.8531241,3,
7158861335,42.9510304,-79.8545314,3,
7158861336,42.9501632,-79.8561242,4,
7158861337,42.9501272,-79.8556111,4,
7158861338,42.9504343,-79.8550281,4,
7158861339,42.9505036,-79.8550612,3,
7158861342,42.9501092,-79.855677,3,
7158861343,42.9499654,-79.855612,3,
7158861345,42.9502345,-79.8561568,3,
7158861348,42.9506745,-79.8559356,3,
7158861352,42.9502743,-79.8560119,3,
7158861357,42.9493746,-79.8598781,3,
7158861367,42.9506024,-79.8592396,4,
7158861372,42.9507304,-79.8594703,1,
7158861373,42.9510534,-79.8591524,1,
7158861376,42.950501,-79.8590054,3,
7158861381,42.9496698,-79.8598646,3,
7158861392,42.9457859,-79.8510495,3,
7158861393,42.9467328,-79.8514323,3,
7158861394,42.9468241,-79.8510486,3,
7158861396,42.9517572,-79.8488943,1,
7158861398,42.9519032,-79.8494656,3,
7158861399,42.9511566,-79.8500042,3,
7158861401,42.9513553,-79.8506004,3,
7158861402,42.9512831,-79.8508993,1,
7158861403,42.9514806,-79.8500814,3,
7158861422,42.9509362,-79.8584243,3,
7158861423,42.9508301,-79.8584444,3,
7168038498,42.9555189,-79.8588579,3,
7168038590,42.9615733,-79.8623708,3,
7168038591,42.9616197,-79.8622208,4,
7168038632,42.9554574,-79.8591348,3,
7270847024,42.9457178,-79.866779,3,
7270847031,42.9460443,-79.8671994,3,
9525603768,42.9497664,-79.8580018,3,
9525603769,42.9497064,-79.8579731,4,
9525603774,42.9492698,-79.8583166,4,
11339644307,42.9508473,-79.8530181,3,
11339644311,42.9508473,-79.8533813,3,
11339644321,42.9474662,-79.8573812,1,
11339644323,42.9474089,-79.8575819,3,
11339644325,42.9503407,-79.8560504,4,
11339644326,42.9508128,-79.8535198,4,
11339644330,42.9436769,-79.8520193,4,crossing
12459619671,42.9567701,-79.8643714,1,
12459619682,42.9482655,-79.863439,1,
12459630524,42.9585025,-79.8615096,1,
12459630555,42.9484481,-79.8624932,1,
